epoch-cycle,critic-loss,actor-loss
0,31297.6816406,0.000245886825724
0,15646.9296875,-0.00405067997053
0,45.9877281189,-0.00494760926813
0,31294.4765625,-0.005485820584
0,15679.0585938,-0.00670767016709
0,27.4870891571,-0.00719615537673
0,15677.1767578,-0.00852748937905
0,15670.8261719,-0.0089110545814
0,31277.5566406,-0.00964085198939
0,15666.34375,-0.0107608474791
0,40.0285453796,-0.0119740236551
0,34.9803237915,-0.0121022388339
0,55.1687316895,-0.0130697097629
0,15656.2910156,-0.0139751434326
0,46.7048377991,-0.0142810605466
0,15659.7822266,-0.0155121348798
0,15654.8125,-0.0157182961702
0,15657.0830078,-0.0164494141936
0,15662.4033203,-0.0177312418818
0,31290.8671875,-0.0184654444456
0,44.215763092,-0.0197512432933
0,23.7682151794,-0.020485766232
0,62545.6992188,-0.0205158554018
0,15660.7158203,-0.0219969376922
0,15652.8574219,-0.0225202273577
0,15660.7714844,-0.0234246645123
0,76.2494659424,-0.0242943130434
0,15678.0205078,-0.0249589309096
0,31312.0214844,-0.0254208575934
0,33.3068199158,-0.025974560529
0,15668.0849609,-0.0273298509419
0,40.3045349121,-0.0285058282316
0,15663.8447266,-0.0286354534328
0,43.0795402527,-0.0289296414703
0,15655.9033203,-0.0299078002572
0,45.6464881897,-0.0309858433902
0,47.9150848389,-0.031852774322
0,32.7797889709,-0.0321400053799
0,41.9299545288,-0.0335345342755
0,15665.5566406,-0.0336400046945
0,45.0222434998,-0.0336909145117
0,47.4444198608,-0.0351563505828
0,31285.8203125,-0.0357920601964
0,40.2534332275,-0.0362404435873
0,31278.9375,-0.0372246205807
0,46915.8242188,-0.0371277779341
0,15652.4765625,-0.038410384208
0,36.1887969971,-0.0397986657917
0,15662.1435547,-0.0393537245691
0,31290.4863281,-0.0405886918306
1,15727.3417969,-0.0398427769542
1,113.808784485,-0.0404102317989
1,39.2881698608,-0.0421469137073
1,35.0069847107,-0.0428067781031
1,157.498825073,-0.0440873652697
1,15647.5302734,-0.04424764961
1,95.4606704712,-0.0453025996685
1,15711.1787109,-0.0466695204377
1,31288.8105469,-0.0466739684343
1,87.4903030396,-0.0479114428163
1,42.9663124084,-0.0493588410318
1,35.9498786926,-0.0493323765695
1,15677.9150391,-0.0493822842836
1,105.444404602,-0.0510854534805
1,33.6821708679,-0.0510865002871
1,22.4630718231,-0.0523951277137
1,25.1164226532,-0.0532885193825
1,15724.4228516,-0.0531095303595
1,95.7853240967,-0.0549675822258
1,15662.3779297,-0.0547245517373
1,103.372131348,-0.056394405663
1,169.78692627,-0.0563739538193
1,22.1933002472,-0.0574595704675
1,32.0320930481,-0.0583070665598
1,171.407119751,-0.0589962564409
1,33.2968330383,-0.0601938329637
1,40.2064476013,-0.0620239749551
1,31355.625,-0.0602881833911
1,15675.046875,-0.063036352396
1,19.7471790314,-0.0645685121417
1,15783.5087891,-0.0637816786766
1,155.076324463,-0.0653840899467
1,22.4859886169,-0.0655667930841
1,27.6813488007,-0.0673134326935
1,15650.6435547,-0.0686832219362
1,28.7228012085,-0.0685677528381
1,25.5416717529,-0.0694323256612
1,34.7356758118,-0.0705694705248
1,95.8265075684,-0.0706281512976
1,102.887588501,-0.0725386664271
1,15647.6386719,-0.0722626149654
1,96.473991394,-0.0739194527268
1,28.7632694244,-0.0748652070761
1,103.335617065,-0.0758002623916
1,47.5321540833,-0.0760837495327
1,84.9775390625,-0.0782901644707
1,105.590789795,-0.0776092708111
1,303.328948975,-0.0788106322289
1,39.8961639404,-0.0800919085741
1,62.3852996826,-0.0805567204952
2,15648.0927734,-0.0811135023832
2,99.392074585,-0.0815380513668
2,15720.1933594,-0.0819816440344
2,15643.953125,-0.0835404992104
2,51.87890625,-0.0850436836481
2,15641.0742188,-0.0853339061141
2,89.4784851074,-0.0868220031261
2,15726.3330078,-0.088684886694
2,104.335044861,-0.0896572396159
2,15661.6259766,-0.0904315859079
2,15729.2597656,-0.0912465006113
2,15721.0,-0.0932556837797
2,30.0802001953,-0.0944393277168
2,95.2743911743,-0.0954646989703
2,15638.4775391,-0.0961190238595
2,31267.6796875,-0.0979740470648
2,42.2646141052,-0.0991755723953
2,29.2351055145,-0.100325867534
2,108.217834473,-0.100824892521
2,16.9481639862,-0.102835431695
2,92.8154602051,-0.103531911969
2,93.1118164062,-0.104020066559
2,15716.9238281,-0.105055764318
2,15656.7548828,-0.106740236282
2,24.6747627258,-0.106752410531
2,15647.8417969,-0.107339859009
2,15653.3291016,-0.109434098005
2,20.8736610413,-0.110416322947
2,15656.2519531,-0.111250385642
2,32.5871505737,-0.111929297447
2,15725.8183594,-0.113654352725
2,18.4689903259,-0.114314466715
2,51.8988800049,-0.115480393171
2,15770.2607422,-0.116883963346
2,102.806930542,-0.117497503757
2,15721.7041016,-0.118688195944
2,26.0377063751,-0.119908362627
2,36.1000671387,-0.120184510946
2,102.707969666,-0.121134735644
2,93.5382232666,-0.121942043304
2,15644.5361328,-0.123074293137
2,15657.8388672,-0.123878985643
2,27.0317573547,-0.125464901328
2,15723.4140625,-0.125729858875
2,22.3950023651,-0.1272983253
2,15646.2041016,-0.128047287464
2,15644.3583984,-0.128885656595
2,27.8038082123,-0.129757061601
2,15643.2226562,-0.130505338311
2,15649.6279297,-0.132596880198
3,17.6679592133,-0.13270136714
3,29.9557437897,-0.133522942662
3,15647.5048828,-0.135328426957
3,27.6651058197,-0.13589861989
3,48.1994857788,-0.137122750282
3,15644.9619141,-0.138040721416
3,26.692276001,-0.138708531857
3,17.6650028229,-0.14017957449
3,163.062225342,-0.140355616808
3,18.8749332428,-0.141928866506
3,123.164367676,-0.142385721207
3,96.2665328979,-0.143368333578
3,30.0033664703,-0.143639802933
3,15652.1865234,-0.144500821829
3,23.4766044617,-0.145523637533
3,31334.875,-0.146204143763
3,15652.5234375,-0.146680861712
3,15654.0556641,-0.147682026029
3,176.442993164,-0.14907053113
3,15716.5917969,-0.149999275804
3,15676.2783203,-0.151131540537
3,38.618598938,-0.15227304399
3,15654.5322266,-0.152927145362
3,15652.6552734,-0.153772175312
3,37.9550514221,-0.154699504375
3,15642.8193359,-0.156042426825
3,15646.0283203,-0.157129183412
3,15644.1884766,-0.15789231658
3,15638.9648438,-0.158184602857
3,35.5935974121,-0.160130292177
3,15639.3271484,-0.161405801773
3,15645.03125,-0.162363529205
3,15643.5625,-0.163472235203
3,15654.5341797,-0.164631724358
3,35.1136131287,-0.165581583977
3,15641.9414062,-0.167070657015
3,62511.6835938,-0.167782843113
3,15646.1582031,-0.169322654605
3,99.0149154663,-0.169987946749
3,15782.2929688,-0.171450838447
3,93.1596679688,-0.172567695379
3,15717.4775391,-0.173417508602
3,34.8277931213,-0.17473590374
3,23.7962417603,-0.175567105412
3,13.5675964355,-0.17703999579
3,37.056427002,-0.177720636129
3,35.4967002869,-0.178590685129
3,92.9973144531,-0.179421812296
3,23.5428829193,-0.180114477873
3,27.6655502319,-0.180575817823
4,29.1310863495,-0.181162193418
4,28.6921730042,-0.182313248515
4,31333.7910156,-0.182872623205
4,34.2410621643,-0.183421656489
4,23.0628089905,-0.184214785695
4,15662.7675781,-0.185198396444
4,97.6882171631,-0.186028763652
4,110.337760925,-0.186991542578
4,15703.0712891,-0.187442466617
4,212.823638916,-0.188451200724
4,43.9981842041,-0.188917949796
4,15717.6777344,-0.189758449793
4,49.5653572083,-0.19122749567
4,41.1701393127,-0.191772714257
4,15637.1542969,-0.192520409822
4,26.9835681915,-0.192780464888
4,103.068588257,-0.193630173802
4,97.8330764771,-0.194602280855
4,97.8873748779,-0.194854229689
4,14.8885622025,-0.195629626513
4,31.6981601715,-0.196234419942
4,15709.1103516,-0.196673095226
4,37.5516929626,-0.197341501713
4,15660.6552734,-0.197911798954
4,96.543548584,-0.198510020971
4,37.3214149475,-0.199079036713
4,28.3569316864,-0.200021117926
4,17.2690563202,-0.200518250465
4,90.5894470215,-0.201029494405
4,15639.4384766,-0.201618999243
4,15653.1796875,-0.202169209719
4,160.195983887,-0.202772527933
4,42.0024642944,-0.203478902578
4,15642.5751953,-0.203811243176
4,34.0576629639,-0.204493373632
4,15650.4316406,-0.205517306924
4,35.618888855,-0.205806702375
4,21.8621273041,-0.206405252218
4,15647.8085938,-0.207254588604
4,15717.8261719,-0.207749322057
4,15650.3642578,-0.208750873804
4,89.4772796631,-0.2093321383
4,31252.515625,-0.209612458944
4,15647.4941406,-0.210821077228
4,30.3741073608,-0.21146017313
4,146.158081055,-0.212943136692
4,164.932754517,-0.214009970427
4,15648.0585938,-0.214648649096
4,15886.1074219,-0.215412169695
4,15739.2851562,-0.215870767832
5,27.0335979462,-0.21728605032
5,152.560287476,-0.217849552631
5,143.181381226,-0.217950612307
5,15718.3505859,-0.219335928559
5,26.6706485748,-0.220159232616
5,98.1452102661,-0.221028804779
5,15.0147428513,-0.221559643745
5,15707.9013672,-0.222142755985
5,28.8247833252,-0.223222523928
5,176.199890137,-0.223896056414
5,15635.484375,-0.224678695202
5,15643.2998047,-0.225496411324
5,15654.5429688,-0.226523190737
5,15640.9033203,-0.227262482047
5,28.3390350342,-0.227919086814
5,15654.0371094,-0.229156047106
5,15772.0351562,-0.230114758015
5,15659.5429688,-0.230339705944
5,15659.6679688,-0.232278376818
5,25.6326751709,-0.232343435287
5,222.515640259,-0.23362031579
5,86.467590332,-0.235167860985
5,23.3291416168,-0.235480904579
5,15637.4238281,-0.236613541842
5,46946.1484375,-0.237322673202
5,15646.0683594,-0.238446339965
5,24.9204597473,-0.238880187273
5,35.2363777161,-0.240315824747
5,81.7465820312,-0.241211250424
5,31332.6054688,-0.241969227791
5,15639.3349609,-0.242833971977
5,31.9616088867,-0.243929743767
5,29.251335144,-0.245049595833
5,90.4449462891,-0.246167004108
5,15642.6826172,-0.246882632375
5,139.612442017,-0.247806817293
5,42.0139083862,-0.248322933912
5,35.2335853577,-0.249413698912
5,15646.7548828,-0.2503464818
5,31282.5722656,-0.250606536865
5,31246.9824219,-0.251320689917
5,175.163040161,-0.25263094902
5,25.2441749573,-0.253551483154
5,15654.4316406,-0.254601836205
5,24.7759552002,-0.25579303503
5,15736.8310547,-0.256260156631
5,104.426292419,-0.256707370281
5,15770.8867188,-0.257885783911
5,15716.9736328,-0.25914144516
5,55.6872215271,-0.259468257427
6,15644.6240234,-0.259780347347
6,154.213775635,-0.260778516531
6,15648.9189453,-0.261239141226
6,20.4879455566,-0.261853575706
6,15727.3662109,-0.263099968433
6,39.108669281,-0.263480335474
6,22.4283447266,-0.264367848635
6,15645.6416016,-0.265509605408
6,104.622085571,-0.265970945358
6,30.0912036896,-0.266703188419
6,15789.0693359,-0.267873644829
6,25.7288341522,-0.268838226795
6,32.4622344971,-0.269503325224
6,13.5431470871,-0.270151436329
6,150.641571045,-0.271004706621
6,15.1142702103,-0.271614730358
6,21.5143127441,-0.272079706192
6,15648.4296875,-0.27282679081
6,15658.8916016,-0.273416429758
6,102.179321289,-0.274274230003
6,20.5848579407,-0.274246573448
6,113.023498535,-0.275491654873
6,21.521440506,-0.275324702263
6,143.908218384,-0.276386648417
6,37.1027755737,-0.276986718178
6,21.4259548187,-0.277850568295
6,30.8439540863,-0.27831697464
6,32.1680641174,-0.278854310513
6,15765.0976562,-0.279217094183
6,18.2602863312,-0.2795368433
6,159.392349243,-0.280286073685
6,30.2888946533,-0.28077763319
6,24.1794815063,-0.281327307224
6,21.7704124451,-0.28183734417
6,50.1068725586,-0.282085120678
6,31260.1816406,-0.282368302345
6,89.8544998169,-0.283346474171
6,18.1037864685,-0.283718258142
6,19.5457668304,-0.284309208393
6,65.6521377563,-0.284980595112
6,35.8228988647,-0.28577157855
6,30.2726764679,-0.285893917084
6,21.0115356445,-0.286994040012
6,22.7999801636,-0.286877036095
6,24.5839862823,-0.287837088108
6,38.5250015259,-0.288076877594
6,15.2498369217,-0.28827086091
6,15706.9560547,-0.288727581501
6,58.2552261353,-0.288915991783
6,100.547111511,-0.289901912212
7,15649.2988281,-0.290544420481
7,34.8739700317,-0.290838479996
7,31262.140625,-0.291464477777
7,15634.8330078,-0.292115479708
7,162.851455688,-0.292870163918
7,44.4105148315,-0.293873488903
7,15701.3037109,-0.294155597687
7,15630.8310547,-0.295378535986
7,104.958343506,-0.295690387487
7,139.755371094,-0.296841263771
7,30.7101192474,-0.297072738409
7,31272.0546875,-0.298074483871
7,30.6007480621,-0.29906603694
7,80.0549850464,-0.29940751195
7,33.9009437561,-0.300165951252
7,15700.1210938,-0.30144995451
7,22.9872398376,-0.301926970482
7,28.3525733948,-0.302649080753
7,44.9622955322,-0.303342193365
7,48.591583252,-0.303964495659
7,15643.8652344,-0.304669797421
7,15639.7558594,-0.305242389441
7,15719.2890625,-0.3060503304
7,21.5271911621,-0.306627005339
7,31268.5332031,-0.307792067528
7,15701.2431641,-0.308388203382
7,143.059616089,-0.309524774551
7,15823.1357422,-0.31049901247
7,15719.1152344,-0.311444103718
7,35.2399597168,-0.312261641026
7,38.7803115845,-0.312760174274
7,55.4650840759,-0.31391415
7,33.6410827637,-0.314775258303
7,29.2521762848,-0.315335601568
7,15634.109375,-0.31613740325
7,15631.2363281,-0.317180007696
7,15628.8095703,-0.317933857441
7,20.1864261627,-0.318548709154
7,98.4910354614,-0.319638609886
7,37.4917678833,-0.319931566715
7,14.0353431702,-0.320748239756
7,22.5734214783,-0.321450769901
7,19.3371372223,-0.322343230247
7,27.2966442108,-0.322572588921
7,32.9648704529,-0.323215067387
7,91.1552581787,-0.323863267899
7,147.395462036,-0.324715465307
7,96.0950927734,-0.32487654686
7,15661.546875,-0.325530230999
7,15.9504766464,-0.325974941254
8,29.2176151276,-0.326595664024
8,49.9074134827,-0.32712250948
8,25.4680957794,-0.327392876148
8,143.812637329,-0.328468292952
8,23.2026443481,-0.328757882118
8,100.366287231,-0.328960239887
8,19.8197841644,-0.329653352499
8,53.0946006775,-0.330006062984
8,143.124710083,-0.330495357513
8,15.0979881287,-0.33098372817
8,26.5695419312,-0.330889344215
8,25.2139167786,-0.331737339497
8,15694.9472656,-0.332094490528
8,15648.5136719,-0.33253210783
8,15647.0800781,-0.33300447464
8,15645.03125,-0.333509087563
8,26.7775344849,-0.334343582392
8,15.4706916809,-0.335390329361
8,32.3534469604,-0.335557162762
8,16.2688083649,-0.336407482624
8,21.6284103394,-0.33735242486
8,22.1636657715,-0.337678551674
8,15637.3740234,-0.338201880455
8,15767.9130859,-0.338736474514
8,21.4446697235,-0.33937638998
8,78.5551376343,-0.340003967285
8,19.7651615143,-0.340608179569
8,18.8278446198,-0.340968430042
8,44.4685325623,-0.341662943363
8,15633.5585938,-0.342298567295
8,15774.328125,-0.342523813248
8,143.876861572,-0.343644797802
8,78.2340927124,-0.344255328178
8,47.9206848145,-0.344947367907
8,34.2451934814,-0.34577819705
8,17.0136909485,-0.345903664827
8,31247.3378906,-0.346663177013
8,209.054077148,-0.347312778234
8,60.3502197266,-0.348036646843
8,15709.7773438,-0.348675131798
8,43.6479072571,-0.349355310202
8,108.231155396,-0.350216805935
8,15639.1074219,-0.350937902927
8,37.3662872314,-0.351433068514
8,14.2972450256,-0.352147221565
8,44.4111480713,-0.352890312672
8,90.8820495605,-0.3535605371
8,39.2110443115,-0.354060024023
8,33.911907196,-0.354631155729
8,44.189907074,-0.355490386486
9,31.6216011047,-0.355898916721
9,25.0525016785,-0.356199890375
9,38.4698104858,-0.356384336948
9,20.3509693146,-0.35713416338
9,32.8211212158,-0.357420623302
9,31439.65625,-0.358121752739
9,30.3522415161,-0.358607798815
9,17.7323379517,-0.359466075897
9,15631.0732422,-0.359861373901
9,173.164337158,-0.360637485981
9,17.4743347168,-0.361178457737
9,92.0683441162,-0.361314237118
9,15626.4941406,-0.36249512434
9,15772.1416016,-0.362773656845
9,15652.1806641,-0.363762199879
9,15849.3349609,-0.364861369133
9,30.831829071,-0.365455001593
9,21.2598991394,-0.36621683836
9,15639.4238281,-0.366967976093
9,24.732006073,-0.367906928062
9,20.2189922333,-0.368671476841
9,17.1412086487,-0.369394361973
9,24.6838493347,-0.369966268539
9,31.4483470917,-0.370612323284
9,82.8649139404,-0.371148943901
9,57.8711700439,-0.371742486954
9,18.4482212067,-0.372437655926
9,13.5297393799,-0.373032838106
9,90.5540313721,-0.373399525881
9,16.9402675629,-0.373652100563
9,14.3515062332,-0.374595105648
9,15768.5107422,-0.37506633997
9,16.757396698,-0.37558722496
9,118.47958374,-0.375957846642
9,24.8022842407,-0.376563698053
9,15636.6914062,-0.377074956894
9,17.3017749786,-0.37755972147
9,19.2978973389,-0.378401219845
9,39.6098403931,-0.378645896912
9,95.6730499268,-0.378987312317
9,52.5772628784,-0.379752635956
9,21.8069114685,-0.3803601861
9,21.2194538116,-0.380728602409
9,15.565164566,-0.38106238842
9,16.6965484619,-0.381505548954
9,80.0386581421,-0.381893992424
9,33.4533195496,-0.382379412651
9,103.470161438,-0.382882654667
9,15626.2832031,-0.38320940733
9,16.5752010345,-0.383706450462
10,61.9943389893,-0.384002000093
10,24.3567180634,-0.384422361851
10,23.4339103699,-0.384771436453
10,18.0151233673,-0.385221302509
10,32.3104934692,-0.385801017284
10,32.4434165955,-0.386174380779
10,166.82673645,-0.38642090559
10,15628.3515625,-0.387088567019
10,32.4378585815,-0.387733876705
10,27.6833667755,-0.387926667929
10,133.048492432,-0.388483315706
10,32.2918624878,-0.389026403427
10,31245.6660156,-0.389078378677
10,33.7932052612,-0.390048861504
10,22.6775474548,-0.390615791082
10,25.8706150055,-0.391156107187
10,92.1173400879,-0.391857892275
10,25.4225406647,-0.392265856266
10,20.3024921417,-0.392793387175
10,15639.0107422,-0.393334269524
10,94.4360809326,-0.394164204597
10,15702.4648438,-0.394543945789
10,26.7522373199,-0.395267665386
10,16.9812297821,-0.395795702934
10,36.0833091736,-0.396436393261
10,31243.3457031,-0.396976858377
10,15631.6982422,-0.39785349369
10,49.9090156555,-0.398701548576
10,24.64793396,-0.399177074432
10,16.4570350647,-0.400085061789
10,22.2599411011,-0.40079087019
10,37.3988761902,-0.401472091675
10,31.8157348633,-0.40190333128
10,15638.6835938,-0.402831017971
10,19.6944465637,-0.403378307819
10,38.5422592163,-0.404065489769
10,27.7379455566,-0.404279828072
10,15646.1630859,-0.4050360322
10,23.6232280731,-0.405969977379
10,27.5983524323,-0.40653693676
10,22.1131515503,-0.407192379236
10,34.9864120483,-0.407489359379
10,15624.9785156,-0.40802270174
10,25.9645195007,-0.408773034811
10,166.479400635,-0.40927106142
10,16.9940223694,-0.409729897976
10,15.6771497726,-0.41041970253
10,13.8811178207,-0.410772681236
10,15627.8330078,-0.41155898571
10,17.5668106079,-0.411839604378
11,20.3161849976,-0.412594974041
11,18.9709434509,-0.413135170937
11,24.6522407532,-0.413672089577
11,26.704410553,-0.414065897465
11,26.4703731537,-0.414602816105
11,44.3817863464,-0.414940536022
11,24.9091415405,-0.415351748466
11,17.1107521057,-0.416071414948
11,15631.0517578,-0.416306912899
11,44.7783813477,-0.417036503553
11,15702.8740234,-0.417539954185
11,33.9214401245,-0.417899280787
11,24.7651119232,-0.418536603451
11,17.0880203247,-0.418739169836
11,14.653837204,-0.41980278492
11,41.9671134949,-0.420153737068
11,50.6825714111,-0.420536905527
11,26.8282546997,-0.420973747969
11,15705.6015625,-0.421563178301
11,23.2860221863,-0.422188907862
11,34.1828994751,-0.422904193401
11,16.4962654114,-0.42320522666
11,68.4389953613,-0.423568665981
11,144.976394653,-0.424049586058
11,18.6496257782,-0.424254834652
11,15701.0976562,-0.425024151802
11,25.3726921082,-0.425504654646
11,25.5464954376,-0.426170885563
11,35.9173088074,-0.426592171192
11,20.4366817474,-0.427061885595
11,20.9537162781,-0.427331864834
11,15644.1318359,-0.428286910057
11,15641.6699219,-0.428792119026
11,43.7725830078,-0.429171144962
11,19.4756717682,-0.429919242859
11,15.8786344528,-0.430329918861
11,42.2789077759,-0.431180715561
11,36.7492637634,-0.431676894426
11,18.1753082275,-0.432217478752
11,28.961807251,-0.432526290417
11,13.4324369431,-0.433184415102
11,37.1753921509,-0.433725237846
11,27.8456840515,-0.434155255556
11,15.9930105209,-0.434627979994
11,15647.5087891,-0.4347653687
11,19.1856098175,-0.4353300035
11,28.7861289978,-0.435896873474
11,31375.9570312,-0.436485856771
11,36.7888221741,-0.437115252018
11,37.8035507202,-0.437886446714
12,19.4887390137,-0.438358366489
12,19.9421463013,-0.438711225986
12,99.9865951538,-0.43953242898
12,143.130844116,-0.440148204565
12,155.824234009,-0.440588057041
12,59.8529014587,-0.44133067131
12,26.733499527,-0.441806286573
12,27.9003582001,-0.442296862602
12,24.2466907501,-0.442846775055
12,14.7075719833,-0.443231552839
12,17.2003936768,-0.443548798561
12,19.0143756866,-0.444236129522
12,42.3951416016,-0.444440066814
12,22.3404140472,-0.444867104292
12,20.4382019043,-0.445441871881
12,14.0774726868,-0.445607364178
12,17.1228294373,-0.446361839771
12,24.1934070587,-0.446642428637
12,54.0310401917,-0.446678578854
12,119.651145935,-0.447302997112
12,20.3641433716,-0.44753497839
12,20.8816413879,-0.447936296463
12,31.4169979095,-0.448183566332
12,24.8475532532,-0.44835716486
12,95.5251846313,-0.448908090591
12,19.6298675537,-0.449284255505
12,17.9571895599,-0.449669927359
12,23.5665836334,-0.449829816818
12,35.1666946411,-0.450582444668
12,14.8615627289,-0.450627535582
12,21.6116924286,-0.450980424881
12,15634.0810547,-0.451542884111
12,18.4871482849,-0.451872169971
12,15636.2363281,-0.452188074589
12,137.656066895,-0.452966481447
12,15.5368251801,-0.453257262707
12,15628.2705078,-0.453832536936
12,86.7870559692,-0.454472184181
12,143.525787354,-0.455029934645
12,18.5007324219,-0.455774605274
12,15.4637260437,-0.456178694963
12,16.2316112518,-0.45659250021
12,14.4722099304,-0.457340478897
12,15629.8486328,-0.457787185907
12,35.2416954041,-0.458337038755
12,15648.9912109,-0.458875924349
12,15628.5234375,-0.459467172623
12,19.477519989,-0.460250854492
12,15778.5546875,-0.460753113031
12,23.2746391296,-0.461539924145
13,18.3899250031,-0.462556064129
13,19.529876709,-0.463277071714
13,15667.7578125,-0.463799417019
13,27.6224136353,-0.464601844549
13,22.1593112946,-0.465474307537
13,29.0601768494,-0.465985536575
13,33.4002342224,-0.466682314873
13,15629.4326172,-0.467542409897
13,15635.8027344,-0.467813462019
13,18.4670009613,-0.468877494335
13,66.7055282593,-0.469530105591
13,20.9761199951,-0.470306754112
13,15.2431592941,-0.470819741488
13,22.6981964111,-0.471713066101
13,14.1348514557,-0.472281724215
13,12.2335262299,-0.472729086876
13,15632.4814453,-0.47338706255
13,20.2948989868,-0.473761439323
13,19.5685958862,-0.474566340446
13,33.8141517639,-0.47522893548
13,15636.7763672,-0.475580573082
13,25.4069919586,-0.476527899504
13,21.2462654114,-0.477140784264
13,58.7461967468,-0.477790653706
13,37.0030403137,-0.478212177753
13,27.5198421478,-0.47883144021
13,15625.3330078,-0.479269564152
13,96.6010284424,-0.47971123457
13,15636.6064453,-0.480425417423
13,19.4545135498,-0.480995565653
13,85.1870574951,-0.481820940971
13,24.0461673737,-0.482343792915
13,26.3969116211,-0.483005166054
13,13.4947071075,-0.483466058969
13,22.6326808929,-0.48417532444
13,13.4777841568,-0.484863042831
13,23.889831543,-0.485231995583
13,15656.1445312,-0.485597282648
13,15625.8300781,-0.486121594906
13,13.4941797256,-0.486995369196
13,15626.1123047,-0.487462550402
13,26.0473766327,-0.48844063282
13,19.1446266174,-0.489229142666
13,33.9758605957,-0.489807456732
13,20.3126182556,-0.490201920271
13,25.0817241669,-0.490790009499
13,15633.6523438,-0.49150365591
13,18.1171894073,-0.492066264153
13,15625.0019531,-0.492753684521
13,26.5500583649,-0.493525326252
14,26.8201274872,-0.494156956673
14,33.8087768555,-0.494773447514
14,32.8817672729,-0.495481938124
14,12.8903779984,-0.495721936226
14,12.9649305344,-0.496676415205
14,14.1773090363,-0.497146248817
14,15633.3320312,-0.497690200806
14,28.2482376099,-0.498448729515
14,27.1016292572,-0.498919695616
14,20.7056312561,-0.499448955059
14,27.3648033142,-0.499979674816
14,17.9953289032,-0.500614762306
14,15632.6845703,-0.501116096973
14,25.0900058746,-0.501715183258
14,27.1660442352,-0.502109885216
14,34.0694046021,-0.502829909325
14,46.3493461609,-0.503377318382
14,28.9771728516,-0.50353705883
14,43.274105072,-0.50430893898
14,15.9140644073,-0.504873514175
14,15638.5341797,-0.505333721638
14,89.9489059448,-0.505757689476
14,17.9441013336,-0.506508290768
14,15625.7265625,-0.507243871689
14,15636.3925781,-0.507750570774
14,11.8413009644,-0.50837624073
14,15744.3222656,-0.509282648563
14,14.1359615326,-0.510115861893
14,19.2532253265,-0.510791599751
14,14.0810470581,-0.511533081532
14,19.0921783447,-0.51186054945
14,36.9755744934,-0.512557029724
14,13.1842784882,-0.51332449913
14,19.411699295,-0.513978600502
14,36.4733009338,-0.51447224617
14,15624.5830078,-0.51481962204
14,33.4176864624,-0.515540540218
14,26.0986537933,-0.516227245331
14,31236.3164062,-0.516769051552
14,16.9781093597,-0.517381310463
14,16.6330032349,-0.518295407295
14,15630.8398438,-0.518964648247
14,15647.8652344,-0.51983165741
14,16.6766281128,-0.520733952522
14,38.9270057678,-0.521523594856
14,28.1409473419,-0.522335588932
14,15628.6181641,-0.523275375366
14,48.1467590332,-0.523994088173
14,13.8296298981,-0.52470600605
14,15649.2597656,-0.525370597839
15,15636.2285156,-0.526171326637
15,21.9225788116,-0.527346730232
15,15625.1660156,-0.527987122536
15,30.0151023865,-0.5288169384
15,31.4477806091,-0.529830694199
15,65.431022644,-0.530673861504
15,15627.8027344,-0.531362175941
15,15703.4804688,-0.532092034817
15,32.7961273193,-0.53330296278
15,53.6527099609,-0.534191012383
15,20.7354011536,-0.534942090511
15,152.672943115,-0.535750985146
15,15760.5771484,-0.536601960659
15,19.3240871429,-0.537226498127
15,51.4815864563,-0.538233160973
15,22.5973033905,-0.538920521736
15,15631.765625,-0.53951883316
15,15635.1953125,-0.540431261063
15,23.8984279633,-0.541083693504
15,28.940202713,-0.542156398296
15,23.5743961334,-0.542853534222
15,39.5774917603,-0.543661355972
15,15629.390625,-0.54442858696
15,16.3375358582,-0.545222640038
15,134.164703369,-0.545682549477
15,14.388053894,-0.546760082245
15,31239.4707031,-0.547213673592
15,15640.7519531,-0.548254847527
15,112.842353821,-0.549324214458
15,17.612039566,-0.54992467165
15,15619.2412109,-0.550896465778
15,19.8442420959,-0.551747977734
15,17.6749458313,-0.55252301693
15,16.4649066925,-0.553447961807
15,21.872215271,-0.554234743118
15,61.691493988,-0.5548620224
15,34.2537727356,-0.555520474911
15,26.6309623718,-0.555981993675
15,18.5952892303,-0.556748986244
15,21.6608314514,-0.557542800903
15,18.3795471191,-0.557761371136
15,47.2775764465,-0.558741748333
15,19.343503952,-0.558945834637
15,12.348900795,-0.559545874596
15,26.4369068146,-0.55971622467
15,15622.5556641,-0.560532748699
15,27.6180896759,-0.56105017662
15,15759.8925781,-0.561741232872
15,9.29200267792,-0.562111973763
15,40.6461219788,-0.56282055378
16,29.9320106506,-0.563438475132
16,15.0987262726,-0.563995242119
16,55.5276222229,-0.564583063126
16,14.6277980804,-0.564963817596
16,15742.4775391,-0.565784215927
16,15627.1533203,-0.566180586815
16,23.1043434143,-0.566999018192
16,15619.0712891,-0.567931413651
16,16.6301612854,-0.568523645401
16,28.0510005951,-0.569365024567
16,54.6709823608,-0.569761037827
16,11.6006641388,-0.57067155838
16,17.3071193695,-0.571146965027
16,23.0694980621,-0.571967720985
16,18.1134662628,-0.572448968887
16,25.956243515,-0.572856903076
16,16.0659999847,-0.573331832886
16,91.4599914551,-0.573814213276
16,15634.8154297,-0.574432492256
16,15648.2773438,-0.575153827667
16,18.4100017548,-0.575702548027
16,38.4255867004,-0.576358675957
16,93.7202758789,-0.577217280865
16,15645.5009766,-0.577653646469
16,32.9649658203,-0.578480601311
16,25.7784690857,-0.579127550125
16,15628.6992188,-0.579689264297
16,21.3651447296,-0.580378830433
16,87.9956283569,-0.58123922348
16,72.118560791,-0.581834077835
16,17.7866687775,-0.58244562149
16,15702.1074219,-0.583226025105
16,25.1826934814,-0.584112644196
16,15633.9121094,-0.584541797638
16,10.8444900513,-0.585312306881
16,93.7252807617,-0.586020350456
16,28.3256340027,-0.586870551109
16,132.288299561,-0.587606608868
16,31228.0449219,-0.588229417801
16,15647.8994141,-0.58874976635
16,23.8963375092,-0.589817881584
16,15643.6103516,-0.590880692005
16,14.1804790497,-0.591633915901
16,13.7352905273,-0.592479109764
16,28.6035728455,-0.59360152483
16,15624.0605469,-0.594600081444
16,15693.6611328,-0.595465421677
16,22.7169113159,-0.596057116985
16,15617.25,-0.597304165363
16,19.6973495483,-0.598146378994
17,94.1112594604,-0.599032759666
17,42.0426940918,-0.600045323372
17,19.7696266174,-0.600628137589
17,53.1644897461,-0.601371884346
17,15680.8007812,-0.602171301842
17,18.9256420135,-0.602943062782
17,30.9687290192,-0.603648722172
17,15719.2041016,-0.60461807251
17,24.6365432739,-0.605262756348
17,32.5964508057,-0.606167495251
17,45.758731842,-0.606822788715
17,22.2136535645,-0.607610285282
17,29.5454044342,-0.608316540718
17,15637.6591797,-0.609054863453
17,15621.1728516,-0.609692752361
17,56.9180526733,-0.610308468342
17,20.3678283691,-0.611350119114
17,43.1664085388,-0.612368404865
17,31235.4199219,-0.612516820431
17,24.5693569183,-0.613681435585
17,15.2034540176,-0.614384770393
17,29.7368068695,-0.615109801292
17,33.4357223511,-0.616012811661
17,31237.7753906,-0.61656165123
17,15630.0976562,-0.617713212967
17,23.7789554596,-0.618770301342
17,11.1725883484,-0.619475722313
17,71.8777618408,-0.620506882668
17,18.5836143494,-0.621137261391
17,17.2910690308,-0.622098207474
17,34.5327262878,-0.622927427292
17,15633.7949219,-0.62341350317
17,13.3857698441,-0.624264061451
17,15621.9082031,-0.625240683556
17,16.69556427,-0.626034617424
17,20.3171539307,-0.626828253269
17,15.4333667755,-0.627457439899
17,29.240732193,-0.628165721893
17,15636.2851562,-0.628832161427
17,25.2456932068,-0.629565060139
17,16.8125705719,-0.630297422409
17,79.6522598267,-0.630864858627
17,20.8532066345,-0.631568789482
17,17.328004837,-0.632283866405
17,133.613342285,-0.63279902935
17,15.4663410187,-0.633462190628
17,15.1785736084,-0.633991241455
17,24.8448028564,-0.634494781494
17,23.7821407318,-0.634804606438
17,15.4735202789,-0.635389924049
18,15626.1582031,-0.635779619217
18,18.7882118225,-0.63642513752
18,26.7816467285,-0.636820793152
18,67.6843414307,-0.637592613697
18,20.8282737732,-0.638072133064
18,43.887638092,-0.638350009918
18,21.2925071716,-0.638890087605
18,21.6513080597,-0.639388024807
18,63.469909668,-0.639820516109
18,20.4592151642,-0.640258431435
18,15683.6464844,-0.640824556351
18,13.4679756165,-0.641300857067
18,72.1828918457,-0.641699194908
18,88.3822631836,-0.642247498035
18,26.8956737518,-0.643005013466
18,18.3270111084,-0.643465518951
18,15627.6777344,-0.643771886826
18,80.4858016968,-0.644407987595
18,229.431915283,-0.644981563091
18,97.1928024292,-0.645630300045
18,15617.8554688,-0.64606064558
18,64.5792312622,-0.646878004074
18,15629.3125,-0.647525668144
18,135.96434021,-0.648353457451
18,27.9469509125,-0.64884519577
18,15.9508476257,-0.649692952633
18,33.1381492615,-0.650230526924
18,26.7307529449,-0.650913715363
18,15626.9287109,-0.651401996613
18,28.7640094757,-0.652183651924
18,16.7588024139,-0.652662396431
18,31.5067939758,-0.653292894363
18,11.7077674866,-0.654019713402
18,28.5043392181,-0.654417276382
18,15624.9707031,-0.655048668385
18,40.9718170166,-0.655725479126
18,17.3763618469,-0.656363725662
18,15618.4345703,-0.656971871853
18,53.4219055176,-0.65774679184
18,219.138168335,-0.65836763382
18,22.6491317749,-0.658913373947
18,61.4670295715,-0.659548521042
18,13.7051134109,-0.660238146782
18,37.3464584351,-0.660696387291
18,15696.6416016,-0.661352157593
18,31227.6171875,-0.662112593651
18,13.4553403854,-0.662891626358
18,63.0367927551,-0.663720846176
18,22.6710186005,-0.664729356766
18,21.4943580627,-0.665315270424
19,47.8641853333,-0.665987849236
19,16.8808937073,-0.666702747345
19,37.0029449463,-0.667403519154
19,30.1868534088,-0.667955458164
19,15623.9384766,-0.668624579906
19,91.2728271484,-0.669193863869
19,37.9528884888,-0.670099854469
19,89.3637542725,-0.670536994934
19,29.4558105469,-0.67113751173
19,15624.6757812,-0.671854913235
19,53.5018615723,-0.672450482845
19,54.2477836609,-0.67306470871
19,15630.5029297,-0.673884749413
19,12.8784351349,-0.674520969391
19,16.6631336212,-0.675281763077
19,12.5203227997,-0.675958156586
19,37.1515350342,-0.676503300667
19,46.4872512817,-0.677132606506
19,13.822508812,-0.677799940109
19,10.5003271103,-0.67833262682
19,28.8286323547,-0.678880751133
19,19.2520008087,-0.679199814796
19,17.2557640076,-0.679811358452
19,16.6885948181,-0.680232167244
19,51.5542144775,-0.680761694908
19,15623.7207031,-0.681257307529
19,88.7428741455,-0.68194258213
19,22.2667579651,-0.682456851006
19,25.3743610382,-0.682841658592
19,16.176820755,-0.683405041695
19,165.002761841,-0.683801174164
19,13.5733413696,-0.684458613396
19,49.4484367371,-0.684896707535
19,15616.0410156,-0.685317575932
19,18.1664810181,-0.685843408108
19,93.7509613037,-0.686410427094
19,9.74579429626,-0.68706291914
19,15621.2333984,-0.687417984009
19,15613.2841797,-0.688354253769
19,16.5926609039,-0.689086914062
19,45.2399902344,-0.689770579338
19,15621.4785156,-0.690170764923
19,17.742609024,-0.690986454487
19,32.8578567505,-0.691929280758
19,184.386108398,-0.692496418953
19,22.3233318329,-0.693251371384
19,15696.0332031,-0.693915009499
19,26.2848892212,-0.694590091705
19,25.6776180267,-0.695320010185
19,31.5929050446,-0.696047961712
20,30.4096679688,-0.696647763252
20,20.1382350922,-0.697289407253
20,124.134872437,-0.698010206223
20,14.9676322937,-0.698377609253
20,91.19190979,-0.699089884758
20,16.7030563354,-0.699688792229
20,69.8302383423,-0.700055658817
20,96.9564285278,-0.700668096542
20,29.1310653687,-0.701043248177
20,28.54737854,-0.701635122299
20,22.3052597046,-0.702207803726
20,36.6787643433,-0.702490210533
20,18.3877773285,-0.703119277954
20,24.7712936401,-0.703564405441
20,12.2483081818,-0.703910589218
20,18.5052280426,-0.704461932182
20,18.5832252502,-0.704863667488
20,15.1284570694,-0.7052500844
20,28.149438858,-0.705349266529
20,138.273696899,-0.706108212471
20,25.0956630707,-0.706389784813
20,36.5481452942,-0.706582069397
20,15.6002426147,-0.706992685795
20,87.2507247925,-0.707408308983
20,27.1400966644,-0.707925200462
20,53.9258880615,-0.708289027214
20,15.3670911789,-0.708645582199
20,101.226387024,-0.708823442459
20,96.4499435425,-0.709402322769
20,186.578140259,-0.709843158722
20,37.3020782471,-0.710190117359
20,25.7477054596,-0.710527420044
20,9.56271839142,-0.710828125477
20,10.442193985,-0.711418867111
20,15619.3867188,-0.71178227663
20,14.7109279633,-0.712137579918
20,139.591751099,-0.712756276131
20,19.7929782867,-0.713179111481
20,31215.7578125,-0.713767588139
20,14.9448785782,-0.71453422308
20,15618.9160156,-0.715142548084
20,14.3925971985,-0.715812206268
20,15613.5097656,-0.71658539772
20,15.3398332596,-0.717459440231
20,15.8766460419,-0.718329310417
20,15612.6796875,-0.71913677454
20,17.905960083,-0.719915986061
20,17.3920764923,-0.720665931702
20,15691.9443359,-0.721395850182
20,15697.2871094,-0.72217965126
21,19.1460323334,-0.723193466663
21,18.037279129,-0.724350214005
21,20.8645019531,-0.724967777729
21,44.8196678162,-0.725871562958
21,15615.2080078,-0.726732611656
21,12.7017774582,-0.727467060089
21,29.6550006866,-0.728245615959
21,17.3851470947,-0.729015111923
21,14.0622472763,-0.729818463326
21,96.225730896,-0.730452418327
21,11.6393413544,-0.7309653759
21,37.9053497314,-0.731773734093
21,23.637178421,-0.732245922089
21,102.164459229,-0.732880175114
21,19.4041557312,-0.733337759972
21,14.9731225967,-0.733971953392
21,34.3436088562,-0.73434650898
21,17.2092533112,-0.734858691692
21,17.0058841705,-0.735371947289
21,23.9278907776,-0.735756933689
21,16.8365116119,-0.736275076866
21,9.9694442749,-0.736774921417
21,10.3681669235,-0.737229704857
21,10.1857795715,-0.737372994423
21,31.3832454681,-0.738022089005
21,32.6331748962,-0.738290905952
21,24.9576778412,-0.738567531109
21,15616.4804688,-0.739035606384
21,15686.3964844,-0.739663362503
21,15615.5878906,-0.740293741226
21,18.9673805237,-0.740991652012
21,29.2641582489,-0.741928219795
21,83.6046829224,-0.742560625076
21,9.66314888,-0.743127942085
21,38.7163772583,-0.74384868145
21,27.6368789673,-0.744327306747
21,15614.4238281,-0.744938671589
21,86.105682373,-0.74551409483
21,11.1445665359,-0.746295928955
21,15630.7177734,-0.74687230587
21,27.3959636688,-0.747540950775
21,9.80354881287,-0.748339533806
21,51.3966255188,-0.749009609222
21,27.2537765503,-0.749629795551
21,21.3545322418,-0.750213861465
21,15615.7001953,-0.750953733921
21,25.3394832611,-0.751603484154
21,68.5277557373,-0.752431988716
21,39.2523345947,-0.753015935421
21,15622.1025391,-0.753692626953
22,15617.2275391,-0.754574537277
22,24.7673282623,-0.755164504051
22,95.4758682251,-0.756152570248
22,25.2247505188,-0.756865859032
22,68.5301055908,-0.757553040981
22,60.4037055969,-0.758334875107
22,24.2415275574,-0.758938491344
22,15618.5615234,-0.759702444077
22,15630.3125,-0.760344624519
22,15626.7441406,-0.761293232441
22,15611.4697266,-0.762280702591
22,15617.6503906,-0.763421356678
22,24.7549495697,-0.76449072361
22,17.9329490662,-0.765585184097
22,11.8394355774,-0.76642292738
22,20.4156551361,-0.767423093319
22,38.4764175415,-0.768298089504
22,15632.7070312,-0.769113242626
22,16.7582874298,-0.769941091537
22,14.2345199585,-0.770972192287
22,12.6102724075,-0.771513462067
22,17.925907135,-0.772260010242
22,26.7585430145,-0.773135483265
22,19.0586090088,-0.773748159409
22,29.5837116241,-0.774323225021
22,40.7291755676,-0.775094211102
22,23.5850448608,-0.77549135685
22,16.3910484314,-0.77630263567
22,45.6626853943,-0.776709914207
22,28.2073173523,-0.777203142643
22,68.1993637085,-0.777799606323
22,13.8620824814,-0.778223991394
22,26.177947998,-0.778787255287
22,11.0005788803,-0.779227852821
22,196.994293213,-0.779650628567
22,35.795124054,-0.780077576637
22,31.9766788483,-0.780638694763
22,25.3350830078,-0.781040012836
22,19.4199581146,-0.781488597393
22,13.4494190216,-0.78184223175
22,18.0221729279,-0.782303571701
22,15.5392456055,-0.782724142075
22,31.5270595551,-0.783122837543
22,31.8699131012,-0.783607304096
22,21.8252544403,-0.784023165703
22,36.6203346252,-0.784413576126
22,26.6516494751,-0.78473842144
22,37.5073661804,-0.785158455372
22,15628.2539062,-0.785569787025
22,15623.1455078,-0.786046564579
23,28.6530647278,-0.786785721779
23,21.6252822876,-0.787362337112
23,17.6339950562,-0.788258492947
23,11.968629837,-0.788536190987
23,12.8368663788,-0.789086818695
23,15620.8369141,-0.789570510387
23,12.3533153534,-0.790185332298
23,20.1565494537,-0.790987491608
23,21.0432739258,-0.79147875309
23,17.8454704285,-0.791834115982
23,14.2552204132,-0.792834877968
23,15627.0791016,-0.793323159218
23,17.807882309,-0.793952584267
23,18.7975845337,-0.794448137283
23,15713.5615234,-0.795190215111
23,16.8213329315,-0.795852005482
23,8.72139358521,-0.796722888947
23,25.7228069305,-0.797295749187
23,23.0882987976,-0.797987222672
23,23.354013443,-0.798444867134
23,101.991706848,-0.799110591412
23,14.5691261292,-0.799762547016
23,18.6202106476,-0.800256669521
23,172.846511841,-0.800824046135
23,15.8943786621,-0.801359772682
23,15793.0888672,-0.801778435707
23,130.86177063,-0.802547156811
23,24.2038345337,-0.803111672401
23,30.8277797699,-0.803750991821
23,25.3305664062,-0.804308414459
23,15627.6582031,-0.80492067337
23,15681.3076172,-0.805624365807
23,33.5705833435,-0.806556522846
23,24.7415313721,-0.807361602783
23,16.6903553009,-0.807954132557
23,138.45741272,-0.808818459511
23,14.0685834885,-0.809543728828
23,70.7022781372,-0.810092926025
23,16.712305069,-0.810851633549
23,15690.0683594,-0.811368823051
23,20.710187912,-0.812095165253
23,26.8717079163,-0.812993168831
23,15687.3007812,-0.813576817513
23,15670.9472656,-0.814451932907
23,15628.5722656,-0.815396428108
23,161.385574341,-0.816352069378
23,23.3723468781,-0.817394137383
23,16.0049514771,-0.818279623985
23,13.7136068344,-0.819029808044
23,15680.3496094,-0.81988877058
24,92.5869140625,-0.820692181587
24,50.7569770813,-0.821731567383
24,15629.3085938,-0.822534501553
24,37.9943809509,-0.823457956314
24,19.9408588409,-0.824482679367
24,20.0582714081,-0.825358271599
24,30.7220726013,-0.825901031494
24,16.647611618,-0.826829314232
24,24.7372722626,-0.827579975128
24,29.5303077698,-0.828087329865
24,24.733499527,-0.828872203827
24,22.2949981689,-0.82938170433
24,22.7168807983,-0.829957842827
24,12.1906824112,-0.830624938011
24,44.4567565918,-0.831102252007
24,19.2806072235,-0.831637382507
24,42.4571113586,-0.832100570202
24,18.7320766449,-0.832778096199
24,15.0133333206,-0.833069562912
24,23.8209972382,-0.833558797836
24,62.7854270935,-0.833964109421
24,30.7364749908,-0.834542870522
24,15612.9638672,-0.834876418114
24,120.919059753,-0.835279166698
24,36.0892829895,-0.83614051342
24,15.1789264679,-0.836647152901
24,15.5150365829,-0.837167203426
24,18.1424217224,-0.837656974792
24,17.2759132385,-0.838202238083
24,37.7403297424,-0.838559508324
24,21.7960109711,-0.838985383511
24,27.8767223358,-0.839689135551
24,12.5419740677,-0.840120077133
24,20.5059661865,-0.840429663658
24,25.4398574829,-0.840709924698
24,13.7844266891,-0.841373443604
24,12.8167724609,-0.841787815094
24,15686.5800781,-0.842177629471
24,13.438996315,-0.842694222927
24,13.1098499298,-0.843300998211
24,19.2972106934,-0.843677699566
24,37.8179206848,-0.844240605831
24,82.6630172729,-0.844776988029
24,19.2683238983,-0.84522664547
24,15.4873275757,-0.845721125603
24,12.1774244308,-0.846072793007
24,23.877412796,-0.846596956253
24,28.5135726929,-0.846904993057
24,15615.0556641,-0.847476601601
24,19.408454895,-0.847993791103
25,49.8671302795,-0.84857404232
25,21.1384830475,-0.849121153355
25,20.6034851074,-0.849685668945
25,40.4953308105,-0.85018914938
25,15646.0527344,-0.850618481636
25,47.6157112122,-0.851313531399
25,21.8505687714,-0.851995527744
25,14.8269796371,-0.852609097958
25,15614.8222656,-0.853201508522
25,9.30348014832,-0.853700041771
25,11.9222679138,-0.85445868969
25,27.2252845764,-0.855121135712
25,21.2282047272,-0.855686604977
25,19.8680610657,-0.856277644634
25,151.852920532,-0.856824040413
25,68.2608795166,-0.857343435287
25,15616.3857422,-0.857981801033
25,49.1931228638,-0.858669161797
25,18.8413944244,-0.859288036823
25,15626.375,-0.859807193279
25,91.9531555176,-0.860689282417
25,15648.0322266,-0.86137008667
25,15636.3300781,-0.862089276314
25,15.373799324,-0.863275706768
25,15615.1826172,-0.864061594009
25,9.69001579285,-0.86511194706
25,18.9844474792,-0.866095125675
25,166.862503052,-0.866844832897
25,23.5138988495,-0.867762565613
25,18.350933075,-0.868558049202
25,12.0743570328,-0.869278669357
25,19.0368919373,-0.870121598244
25,30.8057308197,-0.870655655861
25,15605.9765625,-0.87126404047
25,9.72588157654,-0.872040331364
25,27.9046020508,-0.872798323631
25,17.0569934845,-0.873344361782
25,13.3032808304,-0.874059677124
25,69.0995559692,-0.874654769897
25,11.2352142334,-0.875484466553
25,17.6779193878,-0.875864207745
25,14.0449104309,-0.876538395882
25,15613.5820312,-0.876899778843
25,15614.9863281,-0.877717375755
25,15.7683582306,-0.878423333168
25,15622.1367188,-0.879240274429
25,22.0522918701,-0.879967331886
25,82.6279830933,-0.880905866623
25,15611.4267578,-0.881662130356
25,15.2358140945,-0.882546901703
26,20.6983299255,-0.883484840393
26,14.8407449722,-0.884256243706
26,13.0306997299,-0.884815692902
26,12.5240573883,-0.885489225388
26,82.5748596191,-0.886322379112
26,15.8600950241,-0.887139558792
26,14.7839679718,-0.887618899345
26,11.741938591,-0.888063669205
26,15618.6396484,-0.888601064682
26,31277.6484375,-0.889423489571
26,14.3172531128,-0.890331625938
26,141.521957397,-0.891323029995
26,34.2098846436,-0.892327487469
26,144.644943237,-0.893051326275
26,15614.6748047,-0.893927931786
26,10.4257211685,-0.894589781761
26,67.7445449829,-0.895628094673
26,10.8309297562,-0.896426975727
26,16.9904747009,-0.897092282772
26,27.4046115875,-0.897905945778
26,23.0191860199,-0.898518681526
26,13.5568876266,-0.899292826653
26,10.0424728394,-0.899840950966
26,14.7512645721,-0.900480151176
26,88.0910949707,-0.90095859766
26,34.5177993774,-0.901610076427
26,135.591415405,-0.902025580406
26,41.6043891907,-0.902568399906
26,21.0546245575,-0.903066635132
26,15617.9736328,-0.903652310371
26,23.0617523193,-0.90440684557
26,19.8948745728,-0.904944002628
26,40.2163505554,-0.905475974083
26,10.2808828354,-0.906024694443
26,22.582567215,-0.906622946262
26,14.0106935501,-0.907035410404
26,12.6205053329,-0.907827079296
26,33.1392555237,-0.90827524662
26,26.9547615051,-0.908621668816
26,17.5823326111,-0.909151315689
26,19.3109169006,-0.909465432167
26,15625.1259766,-0.909818053246
26,10.8311767578,-0.910578727722
26,18.5960025787,-0.911303162575
26,11.0824899673,-0.91172683239
26,15.2686214447,-0.912191390991
26,150.179901123,-0.912847459316
26,29.2415390015,-0.913227558136
26,10.6190109253,-0.913821339607
26,26.0329608917,-0.914239823818
27,15.2534790039,-0.914747416973
27,22.73163414,-0.91521948576
27,14.9293823242,-0.915840089321
27,21.0697612762,-0.916230678558
27,28.4338302612,-0.91662800312
27,10.0920066833,-0.91711294651
27,9.95912837982,-0.917351007462
27,15610.7246094,-0.91790920496
27,33.4303321838,-0.918258666992
27,31.9603710175,-0.918887257576
27,97.1570587158,-0.919457733631
27,16.7386627197,-0.919898629189
27,23.3895740509,-0.920433104038
27,32.9964828491,-0.920994341373
27,20.7059650421,-0.921524763107
27,8.2242937088,-0.92192530632
27,9.57472038269,-0.922422885895
27,15613.7177734,-0.922962188721
27,15607.6240234,-0.923429131508
27,11.6915540695,-0.924182116985
27,24.0978832245,-0.924942612648
27,9.73553657532,-0.925541877747
27,29.4943809509,-0.92625451088
27,158.596008301,-0.926915705204
27,86.2175750732,-0.927406311035
27,12.0000562668,-0.928006112576
27,15610.1845703,-0.928546905518
27,12.573433876,-0.929159879684
27,20.1721324921,-0.9298864007
27,93.9612121582,-0.930605888367
27,14.3437709808,-0.931121647358
27,36.7193565369,-0.931773602962
27,103.42364502,-0.932306408882
27,20.0998077393,-0.93294852972
27,12.7792816162,-0.933420181274
27,24.4366168976,-0.933999419212
27,18.711227417,-0.934553802013
27,19.9072589874,-0.934859633446
27,26.1551399231,-0.935423851013
27,49.2961158752,-0.936014533043
27,15.8242769241,-0.936220407486
27,17.265411377,-0.93684887886
27,15620.9755859,-0.937273621559
27,15.8846225739,-0.937846660614
27,36.326385498,-0.938405632973
27,16.8449649811,-0.938981056213
27,9.78523540497,-0.939508140087
27,15614.3925781,-0.940179228783
27,21.0314693451,-0.940693855286
27,21.4086952209,-0.941496729851
28,144.686218262,-0.942021667957
28,20.4148139954,-0.942662239075
28,9.27044010162,-0.943222999573
28,12.8740434647,-0.943755686283
28,13.2079124451,-0.944172561169
28,75.9458465576,-0.944665789604
28,12.2613983154,-0.945229113102
28,16.3435611725,-0.945762872696
28,15614.5361328,-0.946254849434
28,72.1332397461,-0.946961581707
28,30.276058197,-0.947581648827
28,9.97595596313,-0.948247313499
28,54.9744415283,-0.948650121689
28,15610.4208984,-0.949370861053
28,10.8219079971,-0.949985384941
28,11.0984163284,-0.950729131699
28,47.6272506714,-0.951362907887
28,18.93708992,-0.951982796192
28,75.0233764648,-0.952458381653
28,24.0243148804,-0.953170418739
28,24.5812664032,-0.953649759293
28,9.52171039581,-0.954255402088
28,10.8468236923,-0.95484572649
28,39.5279159546,-0.955231547356
28,23.8952388763,-0.95570898056
28,28.2875080109,-0.956271409988
28,26.094045639,-0.956743597984
28,27.0941295624,-0.957100987434
28,11.8174543381,-0.957691311836
28,11.6177120209,-0.957954287529
28,13.5847730637,-0.958313465118
28,27.4451389313,-0.959004580975
28,9.75080108643,-0.959267139435
28,12.1700983047,-0.959698796272
28,15619.2763672,-0.960111677647
28,15610.0927734,-0.960679352283
28,17.7154140472,-0.961383700371
28,60.734703064,-0.962121605873
28,181.634063721,-0.962810635567
28,15607.9794922,-0.963489055634
28,23.7159748077,-0.964301466942
28,13.2224636078,-0.964972376823
28,13.7300519943,-0.965788722038
28,18.1633892059,-0.966461896896
28,9.97321414948,-0.967004060745
28,27.9543876648,-0.9675745368
28,13.6243896484,-0.968323111534
28,17.3912734985,-0.968829870224
28,13.9109811783,-0.969374060631
28,30.5225582123,-0.969931542873
29,23.7145004272,-0.970321416855
29,24.3339424133,-0.971008062363
29,30.516374588,-0.971339941025
29,87.6811904907,-0.971904635429
29,18.1434936523,-0.972428619862
29,15736.8896484,-0.972952187061
29,15610.5185547,-0.973606228828
29,17.3817977905,-0.974413871765
29,19.1386604309,-0.975065350533
29,15615.2197266,-0.975841283798
29,26.3502178192,-0.976671457291
29,36.0139770508,-0.977480530739
29,29.586315155,-0.978430569172
29,16.8415222168,-0.97889572382
29,13.8826541901,-0.979692101479
29,15607.8925781,-0.980453372002
29,21.0952701569,-0.981169104576
29,23.895614624,-0.981985986233
29,20.2851448059,-0.982585906982
29,13.5419521332,-0.983161687851
29,23.0670642853,-0.983850419521
29,15611.4189453,-0.984611272812
29,63.1803779602,-0.985320210457
29,87.3472290039,-0.986081600189
29,15637.1699219,-0.986792445183
29,14.6792373657,-0.987690091133
29,13.4935112,-0.988556623459
29,10.3918857574,-0.989287853241
29,15618.8017578,-0.989977240562
29,15744.9970703,-0.990809321404
29,14.7491512299,-0.991647779942
29,14.4428567886,-0.992674350739
29,41.5378417969,-0.993550360203
29,15608.3105469,-0.99435210228
29,21.8325042725,-0.995247602463
29,9.17758274078,-0.996186733246
29,91.9669723511,-0.997051596642
29,9.99364757538,-0.997742652893
29,14.1970777512,-0.998456001282
29,19.5503635406,-0.999335408211
29,31.8090362549,-0.999949991703
29,31204.3144531,-1.00061404705
29,27.5280323029,-1.00166213512
29,92.1502609253,-1.00255179405
29,16.6829872131,-1.00337266922
29,12.620054245,-1.00419473648
29,90.2719955444,-1.00496816635
29,22.3490810394,-1.00555610657
29,32.5707855225,-1.0062494278
29,15625.9296875,-1.00691747665
30,27.1887931824,-1.00769722462
30,10.7236471176,-1.00851118565
30,14.8900785446,-1.00919210911
30,13.0843372345,-1.00990223885
30,20.3697757721,-1.01058828831
30,143.976531982,-1.01122236252
30,11.291759491,-1.01186299324
30,20.8657512665,-1.01231884956
30,18.0809326172,-1.01298642159
30,79.5284500122,-1.01347720623
30,19.330373764,-1.01398658752
30,18.4675426483,-1.01454138756
30,16.7587451935,-1.01505732536
30,15602.2304688,-1.01553142071
30,33.7198257446,-1.01618480682
30,15.6113681793,-1.01688659191
30,9.95221996307,-1.01746845245
30,95.1420593262,-1.01802968979
30,15606.7490234,-1.01845574379
30,11.0497245789,-1.01924145222
30,15602.8974609,-1.01991283894
30,19.2160186768,-1.02075099945
30,15608.1650391,-1.02146863937
30,17.8508148193,-1.02243208885
30,10.3029222488,-1.02334976196
30,40.776008606,-1.02408671379
30,12.8619232178,-1.02486109734
30,19.3534812927,-1.02561974525
30,15.9989204407,-1.02630257607
30,27.6480579376,-1.02689385414
30,24.8609428406,-1.02767634392
30,27.1229476929,-1.02820420265
30,14.8110351562,-1.02876734734
30,12.461353302,-1.02930152416
30,15602.4296875,-1.02991247177
30,36.6321563721,-1.03057813644
30,15613.0224609,-1.03121304512
30,45.1154403687,-1.03215682507
30,25.1311969757,-1.03280770779
30,15.7904376984,-1.03351569176
30,77.9991912842,-1.0343298912
30,12.0326309204,-1.03496205807
30,15.8396806717,-1.03558707237
30,22.552400589,-1.03612565994
30,132.968978882,-1.03687787056
30,20.7441749573,-1.0374853611
30,13.845705986,-1.03796172142
30,11.8450927734,-1.03859233856
30,12.429060936,-1.03890407085
30,23.8877239227,-1.03953814507
31,15.6864376068,-1.04007434845
31,89.4031600952,-1.04045391083
31,89.2677612305,-1.04097771645
31,20.5324954987,-1.04151844978
31,95.2955551147,-1.04199123383
31,18.6422996521,-1.04249620438
31,15.6547670364,-1.04292607307
31,23.9824924469,-1.04328370094
31,33.2377281189,-1.04389500618
31,34.6369552612,-1.04418921471
31,11.9001865387,-1.04465615749
31,13.0922613144,-1.04522323608
31,29.505147934,-1.04548978806
31,45.929561615,-1.04599380493
31,31196.6699219,-1.04640448093
31,13.7046375275,-1.04728269577
31,13.6170387268,-1.04786729813
31,9.5733165741,-1.04866528511
31,27.6563644409,-1.04938983917
31,98.1673202515,-1.04996371269
31,54.2109413147,-1.05065584183
31,8.95979213715,-1.05117416382
31,16.8934364319,-1.051831007
31,14.1248979568,-1.05236756802
31,15612.8095703,-1.05285859108
31,18.1017189026,-1.05358886719
31,54.6661758423,-1.0542473793
31,15616.9980469,-1.05509400368
31,71.7157821655,-1.05571699142
31,73.0836029053,-1.0565032959
31,10.4809246063,-1.0571937561
31,15606.0712891,-1.05804991722
31,18.776096344,-1.05884456635
31,98.8050003052,-1.05965578556
31,12.5343837738,-1.06036138535
31,20.9629840851,-1.06109166145
31,62.7665367126,-1.06181299686
31,21.0159435272,-1.06252264977
31,15681.9072266,-1.06320714951
31,18.8324050903,-1.06394958496
31,23.0889339447,-1.06477308273
31,23.893497467,-1.06542229652
31,29.7819919586,-1.0660302639
31,15.0307321548,-1.06646883488
31,15605.4677734,-1.06735086441
31,30.0993785858,-1.06800174713
31,12.9728488922,-1.06886553764
31,34.2530975342,-1.0696157217
31,163.495910645,-1.07030045986
31,8.16031551361,-1.07107698917
32,28.3807449341,-1.07170534134
32,11.3292427063,-1.07224810123
32,13.3915538788,-1.07294046879
32,41.0598602295,-1.07354485989
32,22.5301055908,-1.07399392128
32,31269.6816406,-1.07452583313
32,15606.6035156,-1.07541060448
32,12.8079462051,-1.07632982731
32,89.9365386963,-1.07736587524
32,64.3861846924,-1.078312397
32,29.8806343079,-1.07910048962
32,28.0140323639,-1.0799036026
32,24.2695102692,-1.08076667786
32,17.8187961578,-1.08147931099
32,24.4053497314,-1.08217310905
32,15602.0625,-1.08285069466
32,26.9802455902,-1.08359801769
32,15664.7861328,-1.08437526226
32,29.3014640808,-1.08512425423
32,15607.1015625,-1.08609747887
32,39.774936676,-1.08720493317
32,27.3481388092,-1.08821320534
32,15.3715343475,-1.08902525902
32,35.9356269836,-1.08986628056
32,30.718837738,-1.09076070786
32,50.5366363525,-1.09144830704
32,16.2442321777,-1.09211325645
32,15609.0400391,-1.09291577339
32,40.5195426941,-1.09366774559
32,7.69187641144,-1.09440994263
32,11.2454051971,-1.09534406662
32,30.9258022308,-1.09594154358
32,16.850112915,-1.0965526104
32,15633.7832031,-1.09723460674
32,63.4177818298,-1.09816050529
32,9.76365280151,-1.09894001484
32,13.6148386002,-1.09964442253
32,11.5589265823,-1.10028421879
32,17.9856567383,-1.1009747982
32,55.2732963562,-1.10156595707
32,15601.9345703,-1.10221099854
32,49.9379501343,-1.10290026665
32,36.0126876831,-1.10367155075
32,10.265042305,-1.1042842865
32,26.1558265686,-1.10519063473
32,18.4808177948,-1.10574626923
32,14.6065187454,-1.10628974438
32,10.9734544754,-1.10673093796
32,9.71457386017,-1.10739016533
32,16.4152030945,-1.10804057121
33,21.4350757599,-1.10858607292
33,25.8752784729,-1.10917556286
33,10.7817516327,-1.10953378677
33,31.0012989044,-1.11003804207
33,52.4680938721,-1.11058163643
33,15601.9658203,-1.11093664169
33,22.3082714081,-1.11154723167
33,15654.7265625,-1.11220312119
33,19.2461891174,-1.11313867569
33,17.4792728424,-1.11382246017
33,17.1287498474,-1.11441421509
33,21.1573390961,-1.1151381731
33,24.1024913788,-1.11586284637
33,13.8936719894,-1.1164714098
33,19.8863105774,-1.11700689793
33,14.8534879684,-1.11763012409
33,15612.1660156,-1.11808466911
33,13.3903217316,-1.11888337135
33,16.6534576416,-1.11952531338
33,24.6825714111,-1.12025785446
33,16.5249652863,-1.12086415291
33,56.6628303528,-1.12139225006
33,28.341796875,-1.121997118
33,31.3137722015,-1.12251400948
33,205.560211182,-1.12306785583
33,15615.0839844,-1.12376213074
33,15608.4199219,-1.12445306778
33,23.3604679108,-1.12539768219
33,25.7274398804,-1.12616407871
33,8.44905662537,-1.12705028057
33,65.2776565552,-1.12775540352
33,25.9098472595,-1.12841820717
33,21.2449569702,-1.12919175625
33,12.8410892487,-1.12983644009
33,19.9565544128,-1.13048911095
33,15.7314901352,-1.13110327721
33,28.4828548431,-1.13165426254
33,44.3979263306,-1.13231384754
33,15620.6474609,-1.13284921646
33,13.4411487579,-1.13357543945
33,25.2715492249,-1.13424134254
33,17.3786640167,-1.13478899002
33,22.8999042511,-1.13544785976
33,33.9487380981,-1.13610315323
33,15.2503957748,-1.13673818111
33,41.9114837646,-1.13726711273
33,18.974105835,-1.13779878616
33,15602.6552734,-1.1383253336
33,11.3159427643,-1.13908219337
33,17.1931648254,-1.13980185986
34,17.3796291351,-1.14032351971
34,17.8223228455,-1.14104270935
34,25.3967590332,-1.14161014557
34,36.185092926,-1.14213609695
34,79.0526504517,-1.14276361465
34,23.8247184753,-1.1432864666
34,26.8947181702,-1.14379692078
34,19.9854640961,-1.14426422119
34,10.5388765335,-1.14490783215
34,15622.0400391,-1.14526486397
34,12.1661891937,-1.14595830441
34,32.6728363037,-1.14673578739
34,20.7855739594,-1.14724493027
34,22.1511173248,-1.14786815643
34,7.28168296814,-1.1484401226
34,22.8397102356,-1.14895224571
34,14.6223344803,-1.14942622185
34,15600.4482422,-1.14998912811
34,20.4284248352,-1.1506332159
34,30.3687610626,-1.15133786201
34,22.4374866486,-1.15201950073
34,10.5673961639,-1.15255355835
34,14.4477844238,-1.15319561958
34,22.7271671295,-1.15370535851
34,16.9636459351,-1.15424990654
34,12.7793455124,-1.1547781229
34,21.0237178802,-1.15537071228
34,13.1383934021,-1.1557816267
34,10.2067546844,-1.15627264977
34,14.2063732147,-1.15666651726
34,15615.0498047,-1.15724849701
34,18.9105453491,-1.15788006783
34,15668.7509766,-1.15850996971
34,32.1354637146,-1.15926706791
34,13.3912849426,-1.16011548042
34,22.8242015839,-1.16080188751
34,20.0904216766,-1.16143798828
34,101.410438538,-1.16200888157
34,31.2603397369,-1.16267442703
34,10.2083072662,-1.16342818737
34,36.1324119568,-1.16396915913
34,26.7586193085,-1.16457617283
34,23.7277069092,-1.16512107849
34,15605.9355469,-1.16565108299
34,15606.75,-1.16641521454
34,9.42265987396,-1.16728878021
34,42.5081710815,-1.16803812981
34,22.0581798553,-1.16890907288
34,12.7202358246,-1.16956412792
34,8.88463783264,-1.17028307915
35,12.8190889359,-1.17092847824
35,15618.2441406,-1.17154085636
35,11.3526239395,-1.17251729965
35,23.4984817505,-1.17316913605
35,9.74130630493,-1.17390584946
35,28.3700695038,-1.17460000515
35,13.7152729034,-1.17513394356
35,26.1494636536,-1.17582368851
35,14.7506446838,-1.17643177509
35,20.0272254944,-1.17705059052
35,15602.7998047,-1.17753815651
35,23.4369335175,-1.17837512493
35,101.830192566,-1.17905950546
35,29.2845230103,-1.17981255054
35,32.0843238831,-1.18047571182
35,79.8967132568,-1.1810977459
35,21.4320487976,-1.18180501461
35,21.613401413,-1.18237781525
35,20.7785320282,-1.18288946152
35,10.3294496536,-1.18355453014
35,14.7952127457,-1.18401885033
35,18.00573349,-1.18468976021
35,23.1241722107,-1.18515133858
35,18.7963466644,-1.18567991257
35,96.8284606934,-1.18615758419
35,25.7465858459,-1.18668723106
35,18.0741767883,-1.18717062473
35,17.989900589,-1.18761968613
35,39.8223495483,-1.18816947937
35,19.6370010376,-1.18853700161
35,20.4934806824,-1.18900942802
35,165.477096558,-1.18958806992
35,15.248705864,-1.19003415108
35,15.3360939026,-1.19045829773
35,28.9999694824,-1.19084715843
35,18.0549640656,-1.19140505791
35,12.8641691208,-1.19177806377
35,22.9376239777,-1.19221758842
35,8.65568447113,-1.19272983074
35,49.2298431396,-1.19319629669
35,20.4559612274,-1.19361615181
35,21.8370933533,-1.19402682781
35,12.1316337585,-1.19442081451
35,8.2864484787,-1.19492435455
35,18.5148506165,-1.19522714615
35,17.8520927429,-1.19567131996
35,18.2971324921,-1.19618368149
35,12.3126821518,-1.19653856754
35,15673.4707031,-1.19699823856
35,8.35783958435,-1.19756436348
36,24.0422210693,-1.19811189175
36,44.1592903137,-1.19864797592
36,41.143119812,-1.199259758
36,17.439874649,-1.19977116585
36,141.077590942,-1.20022189617
36,13.7201890945,-1.20073390007
36,15611.6513672,-1.2013156414
36,66.5301742554,-1.20209097862
36,12.4051036835,-1.20272159576
36,7.43557786942,-1.20349121094
36,9.37998199463,-1.20397949219
36,68.6865844727,-1.2046340704
36,20.0439529419,-1.20524525642
36,11.6465892792,-1.2057454586
36,82.1807098389,-1.20626497269
36,16.7584171295,-1.20685386658
36,11.5940761566,-1.20739650726
36,14.1883859634,-1.2079436779
36,11.8170490265,-1.20838809013
36,15620.6396484,-1.20887613297
36,21.3825759888,-1.20946979523
36,9.87045478821,-1.21010637283
36,210.521240234,-1.21080029011
36,31186.0761719,-1.21144509315
36,13.3554019928,-1.21231794357
36,13.1766729355,-1.21333968639
36,25.0869522095,-1.21409273148
36,10.5145664215,-1.2149643898
36,18.4979400635,-1.21572399139
36,15596.8193359,-1.21647918224
36,197.223815918,-1.21737861633
36,15593.7099609,-1.21834146976
36,31.2559814453,-1.21930742264
36,15617.5507812,-1.2203066349
36,16.078212738,-1.22127747536
36,18.2793006897,-1.22237992287
36,19.2411136627,-1.22339057922
36,71.3927307129,-1.2242667675
36,26.4430980682,-1.22512829304
36,15601.3867188,-1.22595906258
36,17.2552471161,-1.22703337669
36,11.9921827316,-1.22789216042
36,15.6846628189,-1.22865319252
36,28.6812591553,-1.22952246666
36,12.7790250778,-1.23032569885
36,25.0776062012,-1.23105573654
36,15602.9453125,-1.23174142838
36,12.7227554321,-1.23265302181
36,30.9876880646,-1.23335623741
36,37.5028190613,-1.23421692848
37,15611.4355469,-1.23485684395
37,18.2374954224,-1.23586189747
37,19.3145275116,-1.23669731617
37,50.4334945679,-1.23746204376
37,27.2186450958,-1.23836016655
37,11.3574914932,-1.23901510239
37,35.9709815979,-1.23972415924
37,10.09441185,-1.24045038223
37,15602.9072266,-1.24115109444
37,23.0716094971,-1.24192523956
37,11.593588829,-1.24267268181
37,23.8802967072,-1.24336707592
37,28.367729187,-1.244109869
37,8.99169540405,-1.24477553368
37,24.8085155487,-1.24539375305
37,15616.8652344,-1.2459795475
37,15600.265625,-1.24687242508
37,18.6571044922,-1.24776780605
37,21.9961566925,-1.24859201908
37,35.3068504333,-1.24944901466
37,13.2119369507,-1.25024461746
37,22.3493709564,-1.25102519989
37,12.552397728,-1.25173377991
37,45.9408721924,-1.25247752666
37,11.1584749222,-1.25307095051
37,25.8006191254,-1.253729105
37,18.0802726746,-1.25422751904
37,10.7962331772,-1.254991889
37,12.2702102661,-1.25543498993
37,10.5553941727,-1.25603032112
37,12.1532363892,-1.25658464432
37,15607.8964844,-1.25716722012
37,15609.203125,-1.25774741173
37,15600.9355469,-1.25866150856
37,10.1287622452,-1.2597053051
37,40.0409851074,-1.26062452793
37,28.8932933807,-1.26165151596
37,37.8397636414,-1.26238882542
37,15.3829641342,-1.26322138309
37,10.0000858307,-1.26393282413
37,15600.7060547,-1.26480793953
37,17.4670619965,-1.26556289196
37,32.7063331604,-1.26648449898
37,38.6426200867,-1.26722168922
37,8.91675281525,-1.26797914505
37,28.1993083954,-1.2687702179
37,34.1125984192,-1.26935398579
37,15596.4511719,-1.27008712292
37,11.7478370667,-1.27089047432
37,11.0930128098,-1.27169537544
38,136.984924316,-1.27238821983
38,22.3726196289,-1.27322459221
38,23.6447544098,-1.27395105362
38,14.7723321915,-1.2745783329
38,45.0297698975,-1.27523493767
38,15606.8125,-1.27588510513
38,9.98464202881,-1.27668380737
38,23.4097728729,-1.27743244171
38,16.9863433838,-1.27814435959
38,138.191833496,-1.27886426449
38,14.7419242859,-1.2795125246
38,30.8587627411,-1.27995347977
38,15598.3603516,-1.28074419498
38,13.3785467148,-1.28156816959
38,35.7539482117,-1.28221511841
38,22.6039352417,-1.28295946121
38,12.4005002975,-1.28371179104
38,10.6058750153,-1.28433537483
38,27.2459182739,-1.28501951694
38,9.98208332062,-1.28552961349
38,11.1192264557,-1.28612792492
38,136.187164307,-1.28664565086
38,32.473033905,-1.28719353676
38,23.9579124451,-1.28779029846
38,30.1797485352,-1.28819704056
38,18.453081131,-1.28872132301
38,10.2492609024,-1.28932213783
38,25.7352695465,-1.28973221779
38,22.5547504425,-1.29034340382
38,8.14793205261,-1.29071259499
38,9.32003688812,-1.29119801521
38,19.0921840668,-1.29169106483
38,132.657424927,-1.29209375381
38,26.457233429,-1.29265189171
38,28.7531986237,-1.29303789139
38,9.92208480835,-1.29345655441
38,83.9579315186,-1.29388904572
38,30.3824539185,-1.29447209835
38,96.3660354614,-1.29486012459
38,15618.6396484,-1.295368433
38,59.7429389954,-1.2959395647
38,20.2595939636,-1.29660058022
38,27.9697265625,-1.29733085632
38,13.0302343369,-1.29776895046
38,13.4091644287,-1.2984970808
38,12.9614973068,-1.29896605015
38,15600.7695312,-1.29960155487
38,72.8338546753,-1.30032157898
38,15603.9970703,-1.30107069016
38,10.0924310684,-1.3019630909
39,15738.0703125,-1.30286645889
39,8.86795902252,-1.30381178856
39,23.9838142395,-1.30465400219
39,31178.8359375,-1.30561733246
39,11.7349214554,-1.30683529377
39,15.8802366257,-1.30796039104
39,33.0133972168,-1.30900239944
39,15672.9033203,-1.31005144119
39,17.8482074738,-1.31121742725
39,13.6676540375,-1.31227898598
39,34.4201583862,-1.31332802773
39,9.94324684143,-1.31432926655
39,17.3440208435,-1.31521844864
39,15622.4365234,-1.31609690189
39,15610.6689453,-1.3171339035
39,27.3661308289,-1.31822931767
39,15601.09375,-1.31944417953
39,24.8279666901,-1.32058119774
39,30.7690448761,-1.32170200348
39,24.302438736,-1.3228495121
39,10.2049951553,-1.32376551628
39,16.0764636993,-1.32481694221
39,11.5367765427,-1.32564163208
39,15608.0009766,-1.32648038864
39,9.76859951019,-1.32750856876
39,21.9711265564,-1.32840311527
39,21.9273357391,-1.32926607132
39,16.6829681396,-1.33012878895
39,15603.1728516,-1.33092570305
39,9.36434841156,-1.331782341
39,85.2193374634,-1.33273363113
39,8.94920349121,-1.33359575272
39,11.9089689255,-1.3343693018
39,93.1621932983,-1.33511352539
39,13.035618782,-1.33583152294
39,18.64402771,-1.3365046978
39,15.839389801,-1.33708977699
39,14.9102039337,-1.33777284622
39,16.5246868134,-1.3384885788
39,9.44198131561,-1.33900225163
39,11.212972641,-1.33956217766
39,15594.7900391,-1.34016525745
39,27.2808818817,-1.34080076218
39,20.0979270935,-1.34149956703
39,16.3390312195,-1.34217238426
39,14.4691925049,-1.34282755852
39,13.0512304306,-1.34336328506
39,16.8510189056,-1.34403562546
39,19.5429210663,-1.34457409382
39,15601.078125,-1.34514558315
40,27.9543418884,-1.34580373764
40,24.9297084808,-1.34654760361
40,15614.4941406,-1.34725511074
40,25.3400173187,-1.34812748432
40,42.7499885559,-1.34889149666
40,26.0349121094,-1.34961664677
40,13.4158735275,-1.35050439835
40,87.0395965576,-1.35119652748
40,6.97824621201,-1.35188424587
40,16.5230522156,-1.35257577896
40,15596.0830078,-1.35318517685
40,14.6348371506,-1.35394048691
40,9.19971179962,-1.35470461845
40,9.70117664337,-1.35533845425
40,137.788146973,-1.35600066185
40,26.2758750916,-1.35669708252
40,58.8364067078,-1.35747218132
40,9.59728145599,-1.3580095768
40,25.0020294189,-1.35861492157
40,10.1347427368,-1.35921084881
40,15594.7539062,-1.35979151726
40,22.2124881744,-1.36055374146
40,15595.4248047,-1.36123323441
40,10.0463685989,-1.36215472221
40,10.0717477798,-1.36292135715
40,53.8274536133,-1.36367034912
40,137.423492432,-1.36438465118
40,13.9436149597,-1.36526119709
40,9.20988750458,-1.3659594059
40,15674.4482422,-1.36662757397
40,29.5743598938,-1.36752510071
40,92.1021575928,-1.36826193333
40,17.8034610748,-1.36898517609
40,15636.3457031,-1.36978840828
40,31179.0488281,-1.37077736855
40,15591.7539062,-1.37205696106
40,23.453540802,-1.37339532375
40,8.67303848267,-1.3748216629
40,113.895217896,-1.37593507767
40,22.1882152557,-1.37713873386
40,22.1604232788,-1.37821483612
40,35.2204170227,-1.37919378281
40,35.8412590027,-1.38014268875
40,24.8464412689,-1.38108301163
40,8.81140708923,-1.38191461563
40,10.8533430099,-1.38268005848
40,29.7002677917,-1.38347649574
40,23.3668556213,-1.38418960571
40,25.2495326996,-1.38486647606
40,80.7130661011,-1.38558125496
41,143.248474121,-1.38626360893
41,29.0188312531,-1.38691186905
41,19.1428108215,-1.38752353191
41,9.53058719635,-1.38806843758
41,24.726650238,-1.38874268532
41,12.0522432327,-1.38927197456
41,11.410815239,-1.38985419273
41,26.6840076447,-1.39020812511
41,74.7372207642,-1.39079594612
41,11.4705705643,-1.39131855965
41,154.792221069,-1.39178979397
41,12.4716491699,-1.39228069782
41,25.702747345,-1.3928488493
41,15592.1582031,-1.39326357841
41,15.0830936432,-1.39390039444
41,23.7119750977,-1.39453053474
41,34.2417373657,-1.39517056942
41,27.2286529541,-1.3957901001
41,11.6312894821,-1.39638543129
41,54.6985778809,-1.3969540596
41,10.8647203445,-1.39754891396
41,25.733663559,-1.39796876907
41,9.04654884338,-1.39861392975
41,11.0119791031,-1.39908027649
41,18.4242267609,-1.3995757103
41,15598.5712891,-1.40005254745
41,26.2881088257,-1.4007024765
41,23.7857170105,-1.40132284164
41,18.5678710938,-1.40200209618
41,21.4133377075,-1.40256762505
41,13.5337285995,-1.40319013596
41,7.66348409653,-1.40366828442
41,29.1012458801,-1.40424108505
41,16.5967578888,-1.40484285355
41,32.2079162598,-1.4053606987
41,13.2457036972,-1.40582966805
41,14.8382072449,-1.40631008148
41,27.2102890015,-1.40681886673
41,22.7253322601,-1.4072791338
41,12.9528799057,-1.407797575
41,18.4025974274,-1.40817475319
41,24.7984962463,-1.40865778923
41,22.5438709259,-1.40909063816
41,15587.1679688,-1.40954041481
41,10.1600933075,-1.41023659706
41,34.4262580872,-1.41083109379
41,24.3379974365,-1.41139888763
41,14.4798707962,-1.4119515419
41,22.1349582672,-1.41261386871
41,15592.8105469,-1.41315412521
42,15593.1621094,-1.41378211975
42,37.0838699341,-1.41471624374
42,15.4616565704,-1.41561686993
42,17.3607025146,-1.41647696495
42,15.3291072845,-1.41720175743
42,32.6858329773,-1.41793322563
42,45.3518447876,-1.41867387295
42,24.6133003235,-1.41939139366
42,19.9577598572,-1.41999566555
42,7.18531894684,-1.42061042786
42,78.1579360962,-1.42127001286
42,14.4808473587,-1.42187094688
42,12.0548219681,-1.42244791985
42,16.6292285919,-1.42297267914
42,69.0582427979,-1.4234597683
42,63.5179252625,-1.42401921749
42,18.3578205109,-1.4245647192
42,9.5258140564,-1.42501163483
42,31.0129928589,-1.42561602592
42,13.4430055618,-1.42610692978
42,33.90574646,-1.42655134201
42,42.8325653076,-1.42698287964
42,15622.5126953,-1.42763280869
42,40.046295166,-1.42819333076
42,15.4742155075,-1.4288161993
42,10.0623111725,-1.42955636978
42,20.5662269592,-1.43013262749
42,31189.5703125,-1.43071174622
42,29.5890083313,-1.43170428276
42,19.5621204376,-1.43256878853
42,15.3310861588,-1.43344724178
42,15.3937902451,-1.43430685997
42,33.3003120422,-1.43512797356
42,92.1800003052,-1.43594884872
42,56.7566375732,-1.43665218353
